{"mean": [1.1237810555201646, 31.532611358847454, 2.749203704611163, 53.532611358847454], "scale": [0.8010666020831243, 20.266113220954914, 4.5114666066938325, 27.786748607989228]}